{"Read@0": 3.2722949981689453, "SummaryAnalysis@0": 0.2224445343017578, "LanguageAnalysis@0": 0.4749298095703125, "MergeAnalysis@0": 18.908977508544922, "QuickAnalysis@0": 7.607698440551758, "Read@1": 5.126476287841797, "SummaryAnalysis@1": 0.17690658569335938, "LanguageAnalysis@1": 0.7143020629882812, "MergeAnalysis@1": 60.22024154663086, "QuickAnalysis@1": 16.167163848876953, "Read@2": 7.70878791809082, "SummaryAnalysis@2": 0.21409988403320312, "LanguageAnalysis@2": 0.9479522705078125, "MergeAnalysis@2": 125.3814697265625, "QuickAnalysis@2": 25.10666847229004, "Read@3": 8.882284164428711, "SummaryAnalysis@3": 0.23031234741210938, "LanguageAnalysis@3": 1.2698173522949219, "MergeAnalysis@3": 232.04922676086426, "QuickAnalysis@3": 35.07661819458008, "Read@4": 10.675191879272461, "SummaryAnalysis@4": 0.2422332763671875, "LanguageAnalysis@4": 1.3885498046875, "MergeAnalysis@4": 360.8088493347168, "QuickAnalysis@4": 45.55320739746094, "Read@5": 13.281822204589844, "SummaryAnalysis@5": 0.2276897430419922, "LanguageAnalysis@5": 1.6469955444335938, "MergeAnalysis@5": 632.6563358306885, "QuickAnalysis@5": 54.250240325927734, "Read@6": 15.12455940246582, "SummaryAnalysis@6": 0.2593994140625, "LanguageAnalysis@6": 2.2344589233398438, "MergeAnalysis@6": 906.4135551452637, "QuickAnalysis@6": 63.782453536987305, "Read@7": 16.36648178100586, "SummaryAnalysis@7": 0.23865699768066406, "LanguageAnalysis@7": 2.181529998779297, "MergeAnalysis@7": 1228.1956672668457, "QuickAnalysis@7": 74.78833198547363, "Read@8": 18.127918243408203, "SummaryAnalysis@8": 0.23674964904785156, "LanguageAnalysis@8": 2.4709701538085938, "MergeAnalysis@8": 1655.0519466400146, "QuickAnalysis@8": 87.08643913269043, "Read@9": 19.72031593322754, "SummaryAnalysis@9": 0.2884864807128906, "LanguageAnalysis@9": 11.427164077758789, "MergeAnalysis@9": 2116.502285003662, "QuickAnalysis@9": 97.54180908203125, "Read@10": 26.049137115478516, "SummaryAnalysis@10": 0.2963542938232422, "LanguageAnalysis@10": 3.190279006958008, "MergeAnalysis@10": 2755.5487155914307, "QuickAnalysis@10": 106.44888877868652, "Read@11": 27.599811553955078, "SummaryAnalysis@11": 0.4131793975830078, "LanguageAnalysis@11": 4.431247711181641, "MergeAnalysis@11": 3351.4692783355713, "QuickAnalysis@11": 116.41120910644531, "Read@12": 29.53314781188965, "SummaryAnalysis@12": 0.29850006103515625, "LanguageAnalysis@12": 3.5207271575927734, "MergeAnalysis@12": 4242.946147918701, "QuickAnalysis@12": 124.11832809448242, "Read@13": 30.490398406982422, "SummaryAnalysis@13": 0.45609474182128906, "LanguageAnalysis@13": 4.105806350708008, "MergeAnalysis@13": 5060.189247131348, "QuickAnalysis@13": 136.39187812805176, "Read@14": 31.533002853393555, "SummaryAnalysis@14": 0.38552284240722656, "LanguageAnalysis@14": 5.092144012451172, "MergeAnalysis@14": 5995.398998260498, "QuickAnalysis@14": 149.40285682678223, "Read@15": 34.17491912841797, "SummaryAnalysis@15": 0.3681182861328125, "LanguageAnalysis@15": 4.922628402709961, "MergeAnalysis@15": 7250.435590744019, "QuickAnalysis@15": 161.53192520141602, "Read@16": 34.548044204711914, "SummaryAnalysis@16": 0.3769397735595703, "LanguageAnalysis@16": 5.380392074584961, "MergeAnalysis@16": 8046.647310256958, "QuickAnalysis@16": 182.00111389160156, "Read@17": 37.717342376708984, "SummaryAnalysis@17": 0.6146430969238281, "LanguageAnalysis@17": 7.682561874389648, "MergeAnalysis@17": 9647.80879020691, "QuickAnalysis@17": 187.17169761657715, "Read@18": 38.69175910949707, "SummaryAnalysis@18": 0.6072521209716797, "LanguageAnalysis@18": 8.20302963256836, "MergeAnalysis@18": 10804.526567459106, "QuickAnalysis@18": 197.60823249816895, "Read@19": 41.82100296020508, "SummaryAnalysis@19": 0.5731582641601562, "LanguageAnalysis@19": 6.484031677246094, "MergeAnalysis@19": 12394.157648086548, "QuickAnalysis@19": 209.2263698577881}