{"Read@0": 3.185749053955078, "SummaryAnalysis@0": 0.21409988403320312, "LanguageAnalysis@0": 0.35309791564941406, "MergeAnalysis@0": 18.40496063232422, "QuickAnalysis@0": 7.534980773925781, "Read@1": 5.016088485717773, "SummaryAnalysis@1": 0.17380714416503906, "LanguageAnalysis@1": 0.5550384521484375, "MergeAnalysis@1": 60.227155685424805, "QuickAnalysis@1": 16.006946563720703, "Read@2": 7.041692733764648, "SummaryAnalysis@2": 0.17261505126953125, "LanguageAnalysis@2": 0.7190704345703125, "MergeAnalysis@2": 126.33681297302246, "QuickAnalysis@2": 25.417804718017578, "Read@3": 8.785724639892578, "SummaryAnalysis@3": 0.18715858459472656, "LanguageAnalysis@3": 0.9288787841796875, "MergeAnalysis@3": 226.27925872802734, "QuickAnalysis@3": 35.0039005279541, "Read@4": 9.671926498413086, "SummaryAnalysis@4": 0.2090930938720703, "LanguageAnalysis@4": 1.1026859283447266, "MergeAnalysis@4": 384.7343921661377, "QuickAnalysis@4": 45.523643493652344, "Read@5": 12.854337692260742, "SummaryAnalysis@5": 0.225067138671875, "LanguageAnalysis@5": 1.3146400451660156, "MergeAnalysis@5": 593.0519104003906, "QuickAnalysis@5": 53.54642868041992, "Read@6": 14.890432357788086, "SummaryAnalysis@6": 0.2562999725341797, "LanguageAnalysis@6": 1.6629695892333984, "MergeAnalysis@6": 872.6804256439209, "QuickAnalysis@6": 63.25507164001465, "Read@7": 16.089916229248047, "SummaryAnalysis@7": 0.2357959747314453, "LanguageAnalysis@7": 1.7883777618408203, "MergeAnalysis@7": 1255.2580833435059, "QuickAnalysis@7": 75.46830177307129, "Read@8": 17.499685287475586, "SummaryAnalysis@8": 0.27561187744140625, "LanguageAnalysis@8": 2.1893978118896484, "MergeAnalysis@8": 1690.742015838623, "QuickAnalysis@8": 86.65037155151367, "Read@9": 19.36793327331543, "SummaryAnalysis@9": 0.2791881561279297, "LanguageAnalysis@9": 2.4895668029785156, "MergeAnalysis@9": 2226.560354232788, "QuickAnalysis@9": 97.96023368835449, "Read@10": 23.595571517944336, "SummaryAnalysis@10": 0.3197193145751953, "LanguageAnalysis@10": 2.557516098022461, "MergeAnalysis@10": 2898.9017009735107, "QuickAnalysis@10": 107.5296401977539, "Read@11": 26.11851692199707, "SummaryAnalysis@11": 0.3387928009033203, "LanguageAnalysis@11": 3.0014514923095703, "MergeAnalysis@11": 3701.1709213256836, "QuickAnalysis@11": 116.86277389526367, "Read@12": 27.412891387939453, "SummaryAnalysis@12": 0.32973289489746094, "LanguageAnalysis@12": 3.1595230102539062, "MergeAnalysis@12": 4376.071929931641, "QuickAnalysis@12": 126.31821632385254, "Read@13": 29.087305068969727, "SummaryAnalysis@13": 0.36406517028808594, "LanguageAnalysis@13": 4.100561141967773, "MergeAnalysis@13": 5129.725217819214, "QuickAnalysis@13": 137.85839080810547, "Read@14": 30.483484268188477, "SummaryAnalysis@14": 0.3254413604736328, "LanguageAnalysis@14": 3.6368370056152344, "MergeAnalysis@14": 6506.8604946136475, "QuickAnalysis@14": 184.326171875, "Read@15": 38.349151611328125, "SummaryAnalysis@15": 0.40531158447265625, "LanguageAnalysis@15": 4.34422492980957, "MergeAnalysis@15": 8187.834024429321, "QuickAnalysis@15": 185.6551170349121, "Read@16": 38.58685493469238, "SummaryAnalysis@16": 0.3662109375, "LanguageAnalysis@16": 4.665851593017578, "MergeAnalysis@16": 9395.970106124878, "QuickAnalysis@16": 196.87867164611816, "Read@17": 40.10748863220215, "SummaryAnalysis@17": 0.3707408905029297, "LanguageAnalysis@17": 4.755973815917969, "MergeAnalysis@17": 11585.057258605957, "QuickAnalysis@17": 255.720853805542, "Read@18": 50.75430870056152, "SummaryAnalysis@18": 0.46944618225097656, "LanguageAnalysis@18": 7.127285003662109, "MergeAnalysis@18": 12058.786869049072, "QuickAnalysis@18": 224.51305389404297, "Read@19": 43.45870018005371, "SummaryAnalysis@19": 0.41031837463378906, "LanguageAnalysis@19": 5.408763885498047, "MergeAnalysis@19": 14104.941368103027, "QuickAnalysis@19": 249.35126304626465}